datetime,open,high,low,close,volume
646876800000,279.01999,347.44,279.01999,347.44,0
649468800000,337.29001,400.06,322.10999,400.06,0
652320000000,407.13,452.35999,389.82001,439.72,0
654739200000,439.54999,480.38,383.75,403.66,0
657417600000,412.89999,435.17999,367.69,367.69,0
660182400000,371.14001,382.16,326.92999,330.85999,0
662688000000,318.95001,326.37,306.22,314.35999,0
665366400000,324.29001,379.94,322.23999,379.94,0
667785600000,381.5,385.62,361.29999,366.45001,0
670464000000,372.70001,406.92999,372.70001,389.01001,0
673056000000,397.14999,411.85999,392.26001,403.17999,0
675907200000,400.01999,415.82999,386.92001,391.95999,0
678326400000,393.60001,503.09,393.60001,498.70999,0
681004800000,498.19,545.65997,487.56,531.96997,0
683769600000,524.72998,563.22998,521.79999,553.78998,0
686275200000,548.39001,554.40002,510.57001,554.40002,0
688953600000,559.59003,572.28003,549.91998,563.16998,0
691632000000,563.45001,563.45001,533.57001,558.63,0
694224000000,572.82001,684.92999,572.82001,684.92999,0
697075200000,673.65997,813.13,651.44,813.13,0
699494400000,982.29999,1261.65,906.96997,1261.65,0
702086400000,1275.51,1280.92,1065.64,1105.55,0
704678400000,1011.11,1032.16,826.15997,826.15997,0
707356800000,829.91998,873.70001,829.91998,855.84003,0
709948800000,816.88,816.88,755.21002,767.94,0
712800000000,765.71997,862.48999,705.85999,850.85999,0
715305600000,862.97998,961.56,856.82001,938.14001,0
717897600000,944.84998,944.84998,809.87,809.87,0
720662400000,835.5,836.69,698.27002,726.38,0
723168000000,737.28003,785.57001,690.66998,761.31,0
725846400000,744.91998,785.28003,705.0,785.28003,0
728524800000,772.75,821.98999,764.12,821.98999,0
730944000000,749.89001,749.89001,644.08002,660.51001,0
733622400000,671.35999,694.90002,599.51001,622.41998,0
736387200000,613.44,695.25,613.44,656.15997,0
738892800000,670.25,715.76001,648.47998,667.5,0
741484800000,668.66998,706.83002,637.03998,706.83002,0
744249600000,713.06,833.27002,711.22998,799.65002,0
746841600000,797.94,852.38,770.95001,827.13,0
749433600000,814.33002,839.90002,802.38,817.17999,0
752112000000,801.67999,988.88,799.59003,988.88,0
754704000000,1007.96,1069.78,969.92999,1042.59,0
757555200000,1083.74,1272.87,1082.8,1246.59,0
760060800000,1229.9301,1349.49,1195.39,1349.49,0
762480000000,1304.4,1304.4,1153.84,1177.11,0
765158400000,1182.33,1229.7,1147.98,1150.66,0
767836800000,1148.76,1210.8199,1121.63,1187.1899,0
770428800000,1186.0601,1318.5601,1186.0601,1249.4399,0
773020800000,1262.0601,1278.54,1241.22,1278.54,0
775699200000,1308.08,1373.29,1303.35,1373.29,0
778377600000,1366.3199,1384.9399,1290.53,1290.53,0
781142400000,1304.83,1326.63,1267.21,1267.21,0
783648000000,1283.38,1283.38,1208.0,1245.75,0
786240000000,1240.14,1240.14,1136.25,1182.28,0
789004800000,1182.14,1182.14,1019.2,1071.23,0
791596800000,1061.76,1076.29,948.96997,1014.72,0
794016000000,1027.6801,1060.1801,988.53003,990.23999,0
796867200000,1005.37,1052.1801,941.83002,941.83002,0
799286400000,908.64001,997.40002,908.64001,997.40002,0
801964800000,1012.16,1016.21,961.22998,961.22998,0
804729600000,938.5,1040.59,931.33002,994.25,0
807235200000,993.5,1007.57,967.42999,971.73999,0
809913600000,971.34003,1018.88,960.67999,1011.97,0
812592000000,1027.5601,1044.3101,985.77002,988.26001,0
815184000000,1004.59,1004.59,822.53998,862.09998,0
817776000000,867.98999,927.59998,854.46997,908.53003,0
820454400000,913.10999,913.10999,813.12,848.41998,0
823132800000,848.28003,1067.49,848.28003,992.51001,0
825638400000,994.65997,1010.5,945.07001,985.29999,0
828316800000,988.33002,1160.16,988.33002,1114.36,0
830908800000,1141.65,1141.65,1046.95,1089.92,0
833760000000,1098.1801,1203.11,1098.1801,1122.0,0
836179200000,1121.0,1127.08,999.03003,1042.8101,0
838857600000,1047.47,1054.29,968.76001,1029.0,0
841622400000,1028.91,1046.51,932.27002,943.96002,0
844128000000,944.51001,956.45001,850.52002,909.28998,0
846806400000,910.32001,915.39001,822.16998,830.32001,0
849484800000,830.47998,922.09998,775.42999,899.09998,0
852076800000,905.20001,1085.75,905.20001,972.65002,1134656992
854928000000,967.90002,1024.3,944.20001,998.65002,899501003
857347200000,1102.45,1167.95,966.79999,968.29999,853514995
859852800000,931.95001,1088.4,931.5,1079.85,676797001
862444800000,1074.7,1074.7,1018.15,1050.9,742974999
865209600000,1053.05,1194.75,1051.05,1192.4,1088313003
867715200000,1201.3,1252.7,1153.75,1221.5,1151224993
870393600000,1224.4,1297.1,1098.9,1105.0,869887008
873072000000,1105.45,1168.35,1079.6,1123.8,834922005
875664000000,1123.45,1192.0,1028.2,1085.25,857954994
878515200000,1085.75,1097.05,971.20001,1023.95,827182005
880934400000,1023.85,1083.35,943.0,1079.4,892273999
883612800000,1078.95,1102.15,929.04999,963.45001,754333998
886377600000,963.45001,1064.15,949.65002,1060.75,558232001
888796800000,1060.9,1156.7,1046.75,1116.9,794966000
891388800000,1117.15,1247.15,1117.15,1159.35,782422996
893980800000,1159.8,1196.7,1037.95,1063.15,585517999
896659200000,1064.1,1100.0,853.04999,941.65002,738678000
899251200000,941.59998,1015.55,895.84998,931.40002,579357002
902102400000,930.79999,930.79999,830.15002,852.79999,503870000
904608000000,852.75,945.25,832.04999,904.95001,619242000
907200000000,904.75,904.75,803.29999,828.84998,573601998
909964800000,824.20001,882.09998,800.09998,817.75,668811991
912470400000,816.54999,903.84998,812.25,884.25,677710994
915148800000,886.75,1016.3,882.59998,966.20001,822414010
917827200000,962.40002,989.15002,907.45001,941.20001,642623000
920246400000,992.45001,1099.8,984.45001,1078.05,800940003
922924800000,1082.55,1084.05,916.0,978.20001,401760001
925689600000,979.79999,1201.3,968.25,1132.3,1053823995
928195200000,1125.55,1228.55,1099.85,1187.7,1006803994
930787200000,1187.85,1367.95,1179.3,1310.15,1102073001
933552000000,1309.85,1435.5,1277.85,1412.0,821914004
936144000000,1412.05,1432.55,1329.7,1413.1,863209996
938736000000,1414.65,1522.85,1296.7,1325.45,994654993
941414400000,1325.9,1418.15,1239.8,1376.15,676282004
944006400000,1375.05,1510.85,1374.7,1480.45,676305996
946857600000,1482.15,1671.15,1482.15,1546.2,850413994
949363200000,1546.2,1818.15,1521.4,1654.8,690438004
951868800000,1661.5,1773.85,1489.1,1528.45,655706998
954720000000,1528.7,1636.95,1311.3,1406.55,751690999
957139200000,1410.0,1436.6,1201.5,1380.45,642454006
959817600000,1380.4,1539.1,1345.1,1471.45,826109986
962582400000,1473.45,1564.75,1269.25,1332.85,894299015
965088000000,1332.85,1398.9,1295.45,1394.1,942045987
967766400000,1395.95,1482.0,1249.35,1271.65,980559001
970444800000,1270.75,1306.45,1108.2,1172.75,1039986994
973036800000,1178.25,1281.0,1177.1,1268.15,1445375014
975628800000,1268.1,1369.5,1207.95,1263.55,1592038001
978307200000,1263.5,1396.05,1248.55,1371.7,1988291985
980985600000,1371.5,1422.95,1281.9,1351.4,2113765007
983404800000,1351.75,1399.55,1098.75,1148.2,1183987982
986169600000,1148.1,1171.85,1000.1,1125.25,853342002
988675200000,1125.45,1207.0,1096.25,1167.9,986615002
991353600000,1168.1,1175.8,1060.05,1107.9,843590000
994032000000,1108.35,1127.15,1046.9,1072.85,576868003
996624000000,1073.0,1084.0,1051.75,1053.75,755981009
999475200000,1054.65,1059.9,849.95001,913.84998,946784003
1001894400000,914.65002,1000.95,884.65002,971.90002,982267000
1004572800000,973.54999,1097.6,973.54999,1067.15,1075788987
1007337600000,1067.2,1132.65,1010.45,1059.05,1055612007
1009843200000,1058.85,1121.75,1052.05,1075.4,1424407001
1012521600000,1076.95,1205.95,1069.4,1142.05,1285573003
1014940800000,1142.05,1201.1,1117.85,1129.55,929778005
1017619200000,1129.85,1153.3,1073.3,1084.5,874092004
1020211200000,1084.8,1136.55,1020.1,1028.8,1009142014
1023062400000,1029.25,1102.05,1029.25,1057.8,829997999
1025481600000,1058.0,1087.4,943.59998,958.90002,988638994
1028160000000,959.20001,1012.75,935.54999,1010.6,945384998
1030924800000,1010.9,1024.65,960.20001,963.15002,858723997
1033430400000,961.15002,983.59998,920.09998,951.40002,1042256010
1036108800000,951.45001,1057.45,946.40002,1050.15,1179883999
1038787200000,1050.15,1103.95,1034.1,1093.5,1340307993
1041379200000,1093.6,1105.6,1026.2,1041.85,1271221990
1044230400000,1040.25,1075.5,1034.1,1063.4,977161992
1046649600000,1063.55,1070.85,974.09998,978.20001,874281002
1049155200000,977.40002,1033.45,920.0,934.04999,1208530992
1051747200000,930.90002,1013.85,930.79999,1006.8,1283312004
1054512000000,1006.85,1141.3,1004.7,1134.15,1474030001
1057017600000,1133.95,1198.5,1089.3,1185.85,1766824014
1059696000000,1185.8,1365.8,1164.75,1356.55,3093423004
1062374400000,1356.7,1430.7,1285.25,1417.1,3218640004
1064966400000,1416.6,1574.1,1407.95,1555.9,3430501023
1067817600000,1556.5,1630.25,1509.15,1615.25,2275170993
1070236800000,1615.85,1914.4,1615.7,1879.75,2344640996
1072915200000,1880.35,2014.65,1756.25,1809.75,2717762019
1075766400000,1809.3,1935.8,1755.65,1800.3,2340908015
1078099200000,1798.35,1898.7,1669.7,1771.9,2439977999
1080777600000,1771.45,1912.35,1771.45,1796.1,2019039012
1083542400000,1796.1,1837.95,1292.2,1483.6,2388112016
1086048000000,1483.9,1566.5,1437.9,1505.6,2282523009
1088640000000,1506.65,1638.7,1472.55,1632.3,2934142983
1091404800000,1631.55,1658.9,1573.7,1631.75,2434806000
1093996800000,1631.7,1760.8,1619.9,1745.5,2266752008
1096588800000,1744.4,1829.45,1737.85,1786.9,1707846003
1099267200000,1787.3,1963.8,1776.7,1958.8,1545120996
1101859200000,1960.75,2088.45,1944.5,2080.5,1950171989
1104710400000,2080.0,2120.1499,1894.4,2057.6001,1729911005
1107216000000,2057.75,2110.1499,2036.6,2103.25,1482956997
1109635200000,2103.1001,2183.45,1971.15,2035.65,1611884991
1112313600000,2035.9,2084.8999,1896.3,1902.5,1144419997
1114992000000,1903.1,2099.3501,1898.15,2087.55,1147334999
1117584000000,2087.8,2226.1499,2061.35009766,2220.6001,1300306007
1120176000000,2220.45,2332.55,2171.25,2312.3,1286309996
1122854400000,2312.05,2426.6499,2294.25,2384.6499,1564648005
1125532800000,2384.7,2633.8999,2382.8999,2601.3999,1483404006
1128297600000,2601.0,2669.2,2307.45,2370.95,1744369012
1130803200000,2366.8,2727.05,2366.8,2652.25,1380608016
1133395200000,2651.6001,2857.0,2641.95,2836.55,1711217004
1136160000000,2836.8,3005.1001,2783.8501,3001.1001,1581923008
1138752000000,3001.3,3090.3,2928.1001,3074.7,1439749003
1141171200000,3074.6001,3433.8501,3064.0,3402.55,2086150012
1144022400000,3403.1499,3598.95,3290.3501,3508.3501,1826407999
1146528000000,3557.55,3774.1499,2896.3999,3071.05,2391854996
1149120000000,3072.55,3134.1499,2595.6499,3128.2,2141303985
1151884800000,3128.75,3208.8501,2878.25,3143.2,1594826006
1154390400000,3128.2,3452.3,3113.6001,3413.8999,1365205008
1157068800000,3414.0,3603.7,3328.45,3588.3999,1398050003
1159833600000,3588.95,3782.8501,3508.6499,3744.1001,1406442997
1162339200000,3744.1001,3976.8,3737.0,3954.5,1520604993
1164931200000,3955.7,4046.8501,3657.6499,3966.3999,1351786997
1167696000000,3966.25,4167.1499,3833.6001,4082.7,1523558999
1170288000000,4083.3999,4245.2998,3674.8501,3745.3,1549094004
1172707200000,3745.3999,3901.75,3554.5,3821.55,1789563006
1175472000000,3820.0,4217.8999,3617.0,4087.8999,1644076004
1178150400000,4089.45,4306.75,3981.1499,4295.7998,1723294978
1180656000000,4296.0498,4362.9502,4100.7998,4318.2998,1577782003
1183334400000,4318.3999,4647.9502,4304.0,4528.8501,1921741995
1185926400000,4528.8501,4532.8999,4002.2,4459.6001,1729903003
1188777600000,4466.6499,5055.7998,4445.5498,5021.3501,1880284995
1191196800000,5021.5,5976.0,5000.9502,5900.6499,3504023044
1193875200000,5903.7998,6011.9502,5394.3501,5762.75,3525798805
1196640000000,5765.4502,6185.3999,5676.7002,6138.6001,2061893984
1199145600000,6136.75,6357.1001,4448.5,5137.4502,3138929320
1201824000000,5140.6001,5545.2002,4803.6001,5223.5,2121340987
1204502400000,5222.7998,5222.7998,4468.5498,4734.5,2638627979
1207008000000,4735.6499,5230.75,4628.75,5165.8999,2680566982
1209686400000,5265.2998,5298.8501,4801.8999,4870.1001,2877033005
1212364800000,4869.25,4908.7998,4021.7,4040.55,3044037010
1214870400000,4039.75,4539.4502,3790.2,4332.9502,3620693983
1217548800000,4331.6001,4649.8501,4201.8501,4360.0,2359929021
1220227200000,4356.1001,4558.0,3715.05,3921.2,3087293007
1222819200000,3921.8501,4000.5,2252.75,2885.6001,4866919678
1225670400000,2885.3999,3240.55,2502.8999,2755.1001,4550235995
1228089600000,2755.1499,3110.45,2570.7,2959.1499,6353784996
1230768000000,2963.3,3147.2,2661.6499,2874.8,6113938012
1233532800000,2872.3501,2969.75,2677.55,2763.6499,3951799982
1235952000000,2764.6001,3123.3501,2539.45,3020.95,5344174062
1238544000000,3023.8501,3517.25,2965.7,3473.95,6430825054
1241395200000,3478.7,4509.3999,3478.7,4448.9502,7137474041
1243814400000,4450.3999,4693.2002,4143.25,4291.1001,7980021054
1246406400000,4292.2998,4669.75,3918.75,4636.4502,7012949966
1249257600000,4633.7998,4743.75,4353.4502,4662.1001,5337423003
1251763200000,4662.2002,5087.6001,4576.6001,5083.9502,4677965056
1254355200000,5087.2002,5181.9502,4687.5,4711.7002,4846116014
1257206400000,4712.25,5138.0,4538.5,5032.7002,5189764988
1259625600000,5039.7002,5221.8501,4943.9502,5201.0498,4388706059
1262563200000,5200.8999,5310.8501,4766.0,4882.0498,3878342999
1264982400000,4882.0498,4992.0,4675.3999,4922.2998,3538184019
1267488000000,4935.6001,5329.5498,4935.3501,5249.1001,3423539044
1270080000000,5249.2002,5399.6499,5160.8999,5278.0,3153004012
1272844800000,5278.3999,5278.7002,4786.4502,5086.2998,3919208029
1275350400000,5086.25,5366.75,4961.0498,5312.5,4037077008
1277942400000,5312.0498,5477.5,5225.6001,5367.6001,3335478001
1280707200000,5369.5498,5549.7998,5348.8999,5402.3999,3213978962
1283299200000,5403.0498,6073.5,5403.0498,6029.9502,3607749994
1285891200000,6030.2998,6284.1001,5937.1001,6017.7002,2905693980
1288569600000,6092.2998,6338.5,5690.3501,5862.7002,3302850000
1291161600000,5871.0,6147.2998,5721.1499,6134.5,2990087011
1294012800000,6177.4502,6181.0498,5416.6499,5505.8999,3071886990
1296518400000,5537.2998,5599.25,5177.7002,5333.25,3733424029
1298937600000,5382.0,5872.0,5348.2002,5833.75,3223607993
1301616000000,5835.0,5944.4502,5693.25,5749.5,2162720006
1304294400000,5766.8999,5775.25,5328.7002,5560.1499,2394066004
1306886400000,5561.0498,5657.8999,5195.8999,5647.3999,2362537999
1309478400000,5705.75,5740.3999,5453.9502,5482.0,2315724996
1312156800000,5527.5,5551.8999,4720.0,5001.0,3104803993
1314921600000,5109.7998,5169.25,4758.8501,4943.25,3490691014
1317600000000,4874.3999,5399.7002,4728.2998,5326.6001,2957663026
1320105600000,5278.6001,5326.4502,4639.1001,4832.0498,3295122014
1322697600000,4970.8501,5099.25,4531.1499,4624.2998,3430147016
1325462400000,4640.2002,5217.0,4588.0498,5199.25,3958642016
1328054400000,5198.1499,5629.9502,5159.0,5385.2002,5035521016
1330560000000,5366.0,5499.3999,5135.9502,5295.5498,4139607980
1333324800000,5296.3501,5378.75,5154.2998,5248.1499,2740683021
1335916800000,5254.2998,5279.6001,4788.9502,4924.25,3234515025
1338508800000,4910.8501,5286.25,4770.3501,5278.8999,3038320026
1341187200000,5283.8501,5348.5498,5032.3999,5229.0,2672518013
1343779200000,5220.7002,5448.6001,5164.6499,5258.5,2751929017
1346630400000,5276.5,5735.1499,5215.7002,5703.2998,3346359000
1349049600000,5704.75,5815.3501,5583.0498,5619.7002,2772933003
1351728000000,5609.8501,5885.25,5548.3501,5879.8501,2300399000
1354492800000,5878.25,5965.1499,5823.1499,5905.1001,2406060983
1356998400000,5937.6499,6111.7998,5935.2002,6034.75,3075371984
1359676800000,6040.9502,6052.9502,5671.8999,5693.0498,3081254010
1362096000000,5702.4502,5971.2002,5604.8501,5682.5498,2878997978
1364774400000,5697.3501,5962.2998,5477.2002,5930.2002,2725228980
1367452800000,5911.3999,6229.4502,5910.9502,5985.9502,3076874003
1370217600000,5997.3501,6011.0,5566.25,5842.2002,2981837011
1372636800000,5834.1001,6093.3501,5675.75,5742.0,3519596945
1375315200000,5776.8999,5808.5,5118.8501,5471.7998,5011676020
1378080000000,5480.25,6142.5,5318.8999,5735.2998,4485949029
1380585600000,5756.1001,6309.0498,5700.9502,6299.1499,3840824658
1383264000000,6289.75,6332.6001,5972.4502,6176.1001,3008029973
1385942400000,6171.1499,6415.25,6129.9502,6304.0,3616256000
1388534400000,6323.7998,6358.2998,6027.25,6089.5,3350593027
1391385600000,6058.7998,6282.7002,5933.2998,6276.9502,2796690997
1393804800000,6264.3501,6730.0498,6212.25,6704.2002,3853162019
1396310400000,6729.5,6869.8501,6650.3999,6696.3999,2672516991
1398988800000,6709.9502,7563.5,6638.5498,7229.9502,4282804043
1401667200000,7264.0498,7700.0498,7239.5,7611.3501,3619113007
1404172800000,7629.0,7840.9502,7422.1499,7721.2998,3315615022
1406851200000,7662.5,7968.25,7540.1001,7954.3501,2481860020
1409529600000,7990.3501,8180.2002,7841.7998,7964.7998,2932010993
1412121600000,7960.5,8330.75,7723.8501,8322.2002,2696561001
1414972800000,8348.1504,8617.0,8290.25,8588.25,2698027991
1417392000000,8605.0996,8626.9502,7961.3501,8282.7002,3148789981
1420070400000,8272.7998,8996.5996,8065.4502,8808.9004,3487140980
1422835200000,8802.5,8941.0996,8470.5,8901.8496,3776663977
1425254400000,8953.8496,9119.2002,8269.1504,8491.0,3843008021
1427846400000,8483.7002,8844.7998,8144.75,8181.5,3372830992
1430697600000,8230.0498,8489.5498,7997.1499,8433.6504,3489468025
1433116800000,8417.25,8467.1504,7940.2998,8368.5,3254306006
1435708800000,8376.25,8654.75,8315.4004,8532.8496,3193880027
1438560000000,8510.6504,8621.5498,7667.25,7971.2998,4060734981
1441065600000,7907.9502,8055.0,7539.5,7948.8999,3542709002
1443657600000,7992.0498,8336.2998,7930.6499,8065.7998,3468196011
1446422400000,8054.5498,8116.1001,7714.1499,7935.25,3158717334
1448928000000,7958.1499,7979.2998,7551.0498,7946.3501,3120208978
1451606400000,7938.4502,7972.5498,7241.5,7563.5498,3962971026
1454284800000,7589.5,7600.4502,6825.7998,6987.0498,5330294997
1456790400000,7038.25,7777.6001,7035.1001,7738.3999,4958344986
1459468800000,7718.0498,7992.0,7516.8501,7849.7998,3647985009
1462147200000,7822.7002,8213.5996,7678.3501,8160.1001,4496410017
1464739200000,8179.2002,8308.1504,7927.0498,8287.75,4322691972
1467331200000,8313.0498,8674.7002,8287.5498,8638.5,3424490997
1470009600000,8654.2998,8819.2002,8518.1504,8786.2002,4216393007
1472688000000,8793.5996,8968.7002,8555.2002,8611.1504,4021129961
1475452800000,8666.1504,8806.9502,8506.1504,8638.0,3256530002
1477958400000,8653.1504,8669.5996,7916.3999,8224.5,4727258006
1480550400000,8244.0,8274.9502,7893.7998,8185.7998,3215109973
1483315200000,8210.0996,8672.7002,8133.7998,8561.2998,4132832016
1485907200000,8570.3496,8982.1504,8537.5,8879.5996,4534658008
1488326400000,8904.4004,9218.4004,8860.0996,9173.75,4984932056
1491177600000,9220.5996,9367.1504,9075.1504,9304.0498,3154364991
1493683200000,9339.8496,9649.5996,9269.9004,9621.25,4682363977
1496275200000,9603.5498,9709.2998,9448.75,9520.9004,3667935019
1499040000000,9587.9502,10114.85,9543.5498,10077.1,3848055001
1501545600000,10101.05,10137.85,9685.5498,9917.9004,4296597012
1504224000000,9937.6504,10178.95,9687.5498,9788.5996,4294087018
1506988800000,9893.2998,10384.5,9831.0498,10335.3,4639712032
1509494400000,10390.35,10490.45,10094.0,10226.55,4794406992
1512086400000,10263.7,10552.4,10033.35,10530.7,3612873997
1514764800000,10531.7,11171.55,10404.65,11027.7,4835884014
1517443200000,11044.55,11117.35,10276.3,10492.85,4525454017
1519862400000,10479.95,10525.5,9951.9004,10113.7,4524601016
1522627200000,10151.65,10759.0,10111.3,10739.35,4945474995
1525219200000,10783.85,10929.2,10417.8,10736.15,5498956004
1527811200000,10738.45,10893.25,10550.9,10714.3,4828464004
1530489600000,10732.35,11366.0,10604.65,11356.5,5290684007
1533081600000,11359.8,11760.2,11234.95,11680.5,5411819979
1535932800000,11751.8,11751.8,10850.3,10930.45,6028130942
1538352000000,10930.9,11035.65,10004.55,10386.6,8144578969
1541030400000,10441.7,10922.45,10341.9,10876.75,6785032051
1543795200000,10930.7,10985.15,10333.85,10862.55,6735427043
1546300800000,10881.7,10987.45,10583.65,10830.95,7433205006
1548979200000,10851.35,11118.1,10585.65,10792.5,7461357959
1551398400000,10842.65,11630.35,10817.0,11623.9,6857089023
1554076800000,11665.2,11856.15,11549.1,11748.15,6516821049
1556755200000,11725.55,12041.15,11108.3,11922.8,8645729093
1559520000000,11953.75,12103.05,11625.1,11788.85,6788081976
1561939200000,11839.9,11981.75,10999.4,11118.0,9988474993
1564617600000,11060.2,11181.45,10637.15,11023.25,11152899931
1567468800000,10960.95,11694.85,10670.25,11474.45,12210008031
1569888000000,11515.4,11945.0,11090.15,11877.45,15622866092
1572566400000,11886.6,12158.8,11802.65,12056.05,13177757961
1575244800000,12137.05,12293.9,11832.3,12168.45,12549774246
1577836800000,12202.15,12430.5,11929.6,11962.1,11934462018
1580515200000,11939.0,12246.7,11175.05,11201.75,11191053681
1583107200000,11387.35,11433.0,7511.1001,8597.75,21302931161
1585699200000,8584.0996,9889.0498,8055.7998,9859.9004,12736483033
1588550400000,9533.5,9598.8496,8806.75,9580.2998,13675690001
1590969600000,9726.8496,10553.15,9544.3496,10302.1,16778736041
1593561600000,10323.8,11341.4,10299.6,11073.45,14640023076
1596412800000,11057.55,11794.25,10882.25,11387.5,14035510722
1598918400000,11464.3,11618.1,10790.2,11247.55,13446176931
1601510400000,11364.45,12025.45,11347.05,11642.4,11602474108
1604275200000,11697.35,13145.85,11557.4,12968.95,13112426922
1606780800000,13062.2,14024.85,12962.8,13981.75,12077484933
1609459200000,13996.1,14753.55,13596.75,13634.6,13019728364
1612137600000,13758.6,15431.75,13661.75,14529.15,14313921217
1614556800000,14702.5,15336.3,14264.4,14690.7,11356826958
1617235200000,14798.4,15044.35,14151.4,14631.1,9640129462
1620000000000,14481.05,15606.35,14416.25,15582.8,10269751377
1622505600000,15629.65,15915.65,15450.9,15721.5,8079094450
1625097600000,15755.05,15962.25,15513.45,15763.05,5996744145
1627862400000,15874.9,17153.5,15834.65,17132.199,6349867205
1630454400000,17185.6,17947.65,17055.051,17618.15,6955527076
1633046400000,17531.9,18604.449,17452.9,17671.65,7651078801
1635724800000,17783.15,18210.15,16782.4,16983.199,5853402737
1638316800000,17104.4,17639.5,16410.199,17354.051,5499273941
1641168000000,17387.15,18350.949,16836.801,17339.85,5435447072
1643673600000,17529.449,17794.6,16203.25,16793.9,5620292623
1646179200000,16593.1,17559.801,15671.45,17464.75,7959708300
1648771200000,17436.9,18114.65,16824.699,17102.551,5658248002
1651449600000,16924.449,17132.85,15735.75,16584.551,6343314330
1654041600000,16594.4,16793.85,15183.4,15780.25,5514202239
1656633600000,15703.7,17172.801,15511.05,17158.25,5522573232
1659312000000,17243.199,17992.199,17154.801,17759.301,5867550712
1661990400000,17485.699,18096.15,16747.699,17094.35,6904423005
1664755200000,17102.1,18022.801,16855.551,18012.199,4555808160
1667260800000,18130.699,18816.051,17959.199,18758.35,5256999885
1669852800000,18871.949,18887.6,17774.25,18105.301,4741436295
1672617600000,18131.699,18251.949,17405.551,17662.15,5632809036
1675209600000,17811.6,18134.75,17255.199,17303.949,5685629178
1677628800000,17360.1,17799.949,16828.35,17359.75,5807977094
1680480000000,17427.949,18089.15,17312.75,18065.0,4459762894
1682985600000,18124.801,18662.449,18042.4,18534.4,5768331343
1685577600000,18579.4,19201.699,18464.551,19189.051,5144188356
1688342400000,19246.5,19991.85,19234.4,19753.801,5763504366
1690848000000,19784.0,19795.6,19223.65,19253.801,6178289129
1693526400000,19258.15,20222.449,19255.699,19638.301,5856681759
1696291200000,19622.4,19849.75,18837.85,19079.6,4248511422
1698796800000,19064.051,20158.699,18973.699,20133.15,4423323090
1701388800000,20194.1,21801.449,20183.699,21731.4,6121373605
1704067200000,21727.75,22124.15,21137.199,21725.699,6987650216
1706745600000,21780.65,22297.5,21530.199,21982.801,6946414756
1709251200000,22048.301,22526.6,21710.199,22326.9,6735781194
1711929600000,22455.0,22783.35,21777.65,22604.85,6277663726
1714608000000,22567.85,23110.801,21821.051,22530.699,6710596083
1717372800000,23337.9,24174.0,21281.449,24010.6,7760134079
1719792000000,23992.949,24999.75,23992.699,24951.15,7091978528
1722470400000,25030.949,25268.35,23893.699,25235.9,6327181225
1725235200000,25333.6,26277.35,24753.15,25810.85,6194722735
1727740800000,25788.45,25907.6,24073.9,24205.35,6338214703
1730419200000,24302.75,24537.6,23263.15,24131.1,5887730849
1733097600000,24140.85,24857.75,23460.45,23644.8,5456334566
1735689600000,23637.65,24226.7,22786.9,23508.4,6532112435
1738368000000,23528.6,23807.3,22104.85,22124.7,5683452428
1740960000000,22194.55,23869.6,21964.6,23519.35,6239243477
1743465600000,23341.1,24457.65,21743.65,24334.2,7604327597
1746144000000,24311.9,25116.25,23935.75,24750.7,8551371953
1748822400000,24669.7,25669.35,24473.0,25517.05,7067448931
1751328000000,25551.35,25608.1,24598.6,24768.35,6276996686
1754006400000,24734.9,25153.65,24337.5,24426.85,5877404769
1756684800000,24432.7,25448.95,24432.7,24611.1,5978414023
1759276800000,24620.55,26104.2,24605.95,25722.1,6264178596
1762128000000,25696.85,26310.45,25318.45,26202.95,5761647611
1764547200000,26325.8,26325.8,25693.25,26129.6,5369809703
1767225600000,26173.3,26373.2,24919.8,25320.65,8386332172
1769904000000,25333.75,26341.2,24571.75,25178.65,8543365294
1772409600000,24659.25,24989.35,22283.85,22331.4,10000980973
1775001600000,22899.0,24601.7,22182.55,23997.55,9668796977
1777852800000,24063.55,24482.1,23262.55,23547.75,8409669842
1780272000000,23654.5,23733.7,23070.15,23622.9,4035875754
